ID,scenario,rxpackage,inc_fire,cpu,cumsum_carb,total_carbon_grow,total_carbon_max,cumsum_fire,biosum_cond_id,biosum_plot_id,fortypcd,acres,owngrpcd,lat,lon,elev,MEANING,CEC_type,TargetType
592,10MM,700,with fire,-29.564468226376643,22375.401472795456,18867.864886187315,22375.401472795456,22375.401472795456,1201806060808901e9,1201806060808901e8,261,5628.201936323041,10,41.144,-121.9,5300,White fir,True fir,1
422,10MM,040,with fire,-5.8084707301462055,35172.96519054949,1262.1842029062752,12797.563717754032,35172.96519054949,1201506060508901e9,1201506060508901e8,371,4998.174491104166,10,40.318,-123,3700,California mixed conifer,Mixed conifer,1
7,10MM,040,with fire,-1.4546292002160257,49289.38658826126,-169.80624296130244,14116.421397711772,49289.38658826126,1200906010909301e9,1200906010909301e8,371,1286.7114824319274,10,41.984,-123,4700,California mixed conifer,Mixed conifer,1
727,10MM,030,with fire,0.12084558438789939,57927.21204650925,743.3347574461069,8637.825458247993,57927.21204650925,12016060606023008e8,12016060606023008e7,371,3571.7965008916526,10,41.333,-123.6,3500,California mixed conifer,Mixed conifer,1
2055,10MM,040,with fire,0.392699253391764,72706.8957918118,-2.4675098257310273,14779.683745302536,72706.8957918118,12016060606019007e8,12016060606019007e7,371,2563.4936385608376,10,36.941,-119,6100,California mixed conifer,Mixed conifer,1
572,10MM,010,with fire,1.5239778799382953,83054.31805822706,-50.50393588965359,10347.422266415264,83054.31805822706,12017060607105009e8,1201706060710501e8,943,2418.9539967193423,10,40.48,-123.2,4300,Giant chinkapin,Hardwood,0
1849,10MM,030,with fire,1.5499387733459662,98836.39845690422,-169.0262249061399,15782.080398677175,98836.39845690422,12013060603063007e8,12013060603063007e7,261,1576.474428318254,10,39.938,-120.6,6300,White fir,True fir,1
1906,10MM,700,with fire,1.571593170704546,109660.76158006908,423.86337774578516,10824.363123164849,109660.76158006908,1201406060403501e9,12014060604035008e7,261,1455.0531528215972,10,40.29,-120.8,7300,White fir,True fir,1
2172,10MM,010,with fire,4.03891011819486,114292.53954279068,-85.97063079697574,4631.777962721592,114292.53954279068,1201706060706301e9,1201706060706301e8,270,1517.172108716755,10,39.698,-120.7,6900,Mountain hemlock,Other conifer,0
110,10MM,040,with fire,4.672701869016743,116218.61051721979,-41.22049474539552,1926.070974429121,116218.61051721979,12010060110015006e8,12010060110015006e7,201,845.1826467465407,10,41.959,-123.6,3500,Douglas-fir,Douglas-fir,1
1831,10MM,030,with fire,5.16823595929058,124308.44942860886,-377.88147419816164,8089.838911389073,124308.44942860886,1201306060304301e9,1201306060304301e8,371,1585.5519382277514,10,37.495,-119.6,5900,California mixed conifer,Mixed conifer,1
2250,10MM,040,with fire,5.415299193055301,138039.10536977721,-156.51269701190267,13730.655941168337,138039.10536977721,12018060608063008e8,12018060608063007e7,371,2922.1974259721073,10,39.989,-120.9,3900,California mixed conifer,Mixed conifer,1
1783,10MM,010,with fire,6.884283497364854,146229.0066273789,-254.31518637135738,8189.901257601697,146229.0066273789,12012060602091005e8,12012060602091005e7,371,2558.880146283429,10,39.648,-120.6,6700,California mixed conifer,Mixed conifer,1
508,10MM,040,with fire,7.029458547168413,157738.93201175382,-269.04152622991444,11509.925384374928,157738.93201175382,12017060207093009e8,12017060207093009e7,933,1950.0089905901611,10,41.961,-123.1,3900,Canyon live oak,Hardwood,0
975,10MM,040,with fire,7.359925980830204,166030.9402029999,-494.2379046086464,8292.008191246054,166030.9402029999,12014060604093008e8,12014060604093009e7,371,1506.9650479335232,10,41.682,-123.4,2300,California mixed conifer,Mixed conifer,1
1934,10MM,700,with fire,8.363581838686805,193616.7491358358,2412.2249136211212,27585.80893283591,193616.7491358358,12014060604063008e8,12014060604063006e7,371,6208.955956948617,10,39.844,-120.7,5300,California mixed conifer,Mixed conifer,1
1758,10MM,040,with fire,8.51045924206489,198386.8677003723,1031.8244207421878,4770.1185645365185,198386.8677003723,12012060602057009e8,1201206060205701e8,371,3998.5931139071927,10,39.341,-120.8,3900,California mixed conifer,Mixed conifer,1
1615,10MM,040,with fire,8.568570890795124,251526.15781698035,-2999.3610313843074,53139.290116608034,251526.15781698035,12010060510063008e8,12010060510063007e7,371,5673.45475720812,10,39.846,-120.5,6300,California mixed conifer,Mixed conifer,1
321,10MM,020,with fire,8.872217601039845,256246.9353707619,-170.54634846592276,4720.777553781565,256246.9353707619,12013060603105006e8,12013060603105007e7,933,2199.1261501697736,10,40.363,-123.2,3300,Canyon live oak,Hardwood,0
1575,10MM,700,with fire,10.310935447198887,262697.0120703397,170.82114469973217,6450.076699577792,262697.0120703397,12010060510017007e8,12010060510017008e7,261,5965.586368093286,10,38.851,-120.3,4900,White fir,True fir,1
421,10MM,040,with fire,10.723582410931872,298386.4655486428,-1137.521922855213,35689.45347830312,298386.4655486428,1201506060508901e9,1201506060508901e8,371,5730.615980848355,10,40.643,-121.6,6300,California mixed conifer,Mixed conifer,1
1942,10MM,040,with fire,10.84805978448667,324699.67173016554,88.74949792234737,26313.20618152275,324699.67173016554,1201406060407101e9,1201406060407101e8,371,6730.983695960061,10,34.284,-116.9,7900,California mixed conifer,Mixed conifer,1
1687,10MM,020,with fire,11.020732768114557,331017.7374335349,-1647.2386710184717,6318.0657033693215,331017.7374335349,1201106060106101e9,1201106060106101e8,221,1915.9252226417225,10,39.258,-120.6,5100,Ponderosa pine,Pine,1
112,10MM,010,with fire,12.383468028006632,337464.273789743,-366.7552249869171,6446.5363562081475,337464.273789743,12010060110015007e8,12010060110015008e7,202,1950.0089905901611,10,41.959,-123.6,3700,Port-Orford-cedar,Other conifer,0
2210,10MM,700,with fire,12.655069518738003,356389.8670981944,1593.7523848414419,18925.59330845136,356389.8670981944,12018060608017006e8,12018060608017006e7,371,6212.549869729824,10,38.729,-120.2,4900,California mixed conifer,Mixed conifer,1
2186,10MM,020,with fire,13.197485631772379,361529.1138893976,345.4052868921578,5139.246791203217,361529.1138893976,12017060607109009e8,1201706060710901e8,225,3801.8746172346177,10,38.131,-119.9,6900,Jeffrey pine,Pine,1
1893,10MM,040,with fire,13.233757585659687,394006.5277306939,-4033.616685819278,32477.413841296322,394006.5277306939,12014060604017007e8,12014060604017006e7,281,5115.457637628268,10,38.843,-120.2,7100,Lodgepole pine,Other conifer,0
2164,10MM,010,with fire,14.060047044754885,398576.9873569619,-318.7313140194858,4570.459626267914,398576.9873569619,12017060607063008e8,12017060607063008e7,371,3462.827857515274,10,39.882,-120.7,4900,California mixed conifer,Mixed conifer,1
494,10MM,040,with fire,14.290774033723947,415439.67436126474,-1447.408203191473,16862.687004302894,415439.67436126474,12016060606105006e8,12016060606105005e7,371,3204.754569089568,10,40.402,-123.1,4500,California mixed conifer,Mixed conifer,1
507,10MM,040,with fire,14.309823405183895,435286.7488707592,-2240.9577159767264,19847.074509494465,435286.7488707592,12017060207093007e8,12017060207093007e7,371,1867.4612100004986,10,41.986,-122.9,5300,California mixed conifer,Mixed conifer,1
1350,10MM,010,with fire,14.543884916618456,440732.31440724223,-403.9218503372189,5445.565536482996,440732.31440724223,12013060603093006e8,12013060603093006e7,221,1768.478773083902,10,41.588,-122.1,5900,Ponderosa pine,Pine,1
2190,10MM,040,with fire,14.92912266325834,445532.11344675306,-466.7702133872116,4799.79903951086,445532.11344675306,1201706060710901e9,1201706060710901e8,371,1506.9650479335232,10,38.153,-120,5500,California mixed conifer,Mixed conifer,1
2159,10MM,700,with fire,15.226110044281578,478203.9737335063,5264.406822291125,32671.8602867532,478203.9737335063,12017060607063006e8,12017060607063006e7,371,5844.394851944215,10,39.937,-120.5,6300,California mixed conifer,Mixed conifer,1
1632,10MM,040,with fire,15.329549422603142,502491.9102399116,-279.28353340411064,24287.936506405313,502491.9102399116,1201006051010901e9,12010060510109009e7,371,5673.45475720812,10,38.055,-119.9,6300,California mixed conifer,Mixed conifer,1
1688,10MM,040,with fire,15.81045768186723,518489.89349112904,-298.3671437633123,15997.983251217463,518489.89349112904,12011060601063005e8,12011060601063006e7,261,5844.394851944215,10,39.89,-120.5,6300,White fir,True fir,1
402,10MM,010,with fire,16.099888378485044,524868.762189023,-322.65885861305264,6378.868697893901,524868.762189023,12015060605033009e8,1201506060503301e8,371,3070.264987072792,10,39.531,-122.8,4100,California mixed conifer,Mixed conifer,1
2104,10MM,040,with fire,16.85330377590715,548048.8990143613,-1657.1518318108692,23180.136825338366,548048.8990143613,12016060606091007e8,12016060606091006e7,371,6123.0102935874575,10,39.646,-120.7,5900,California mixed conifer,Mixed conifer,1
155,10MM,010,with fire,16.988956909424363,552380.9647998584,-417.32423531245627,4332.065785497124,552380.9647998584,12010060510105004e8,12010060510105006e7,933,1689.0663176805215,10,40.461,-123.2,3500,Canyon live oak,Hardwood,0
1384,10MM,020,with fire,16.99217262840593,557168.2798365876,-521.3894978203376,4787.315036729124,557168.2798365876,12015060605035006e8,12015060605035006e7,225,2069.39110020784,10,41.018,-120.8,5300,Jeffrey pine,Pine,1
207,10MM,010,with fire,17.019180105599258,562048.5492614743,-249.7981229107698,4880.269424886692,562048.5492614743,1201106060109301e9,12011060601093009e7,371,2201.29989053345,10,41.979,-123,5100,California mixed conifer,Mixed conifer,1
2005,10MM,040,with fire,17.97275294328842,585491.1116323158,-3739.957803876524,23442.562370841548,585491.1116323158,12015060605063006e8,12015060605063006e7,371,4365.159458464792,10,39.886,-120.4,6700,California mixed conifer,Mixed conifer,1
524,10MM,040,with fire,18.17502118657378,604679.8853078636,-3080.972364844527,19188.77367554781,604679.8853078636,1201706060706301e9,1201706060706301e8,371,5844.394851944215,10,40.194,-121.1,4700,California mixed conifer,Mixed conifer,1
871,10MM,040,with fire,19.220166284714825,616205.006899243,3036.9987512031803,11525.121591379397,616205.006899243,12013060603023007e8,12013060603023007e7,371,4300.047523402207,10,41.109,-123.5,4500,California mixed conifer,Mixed conifer,1
1979,10MM,040,with fire,19.854590301267105,624672.6848838936,-1227.5640055691476,8467.677984650574,624672.6848838936,12015060605029007e8,12015060605029007e7,933,2421.7394929754237,10,34.809,-118.9,5300,Canyon live oak,Hardwood,0
2135,10MM,010,with fire,19.95697884201562,635070.7977115526,-2167.650798381492,10398.112827659066,635070.7977115526,12017060607019005e8,12017060607019006e7,933,5556.371671383617,10,37.035,-119.2,4100,Canyon live oak,Hardwood,0
6,10MM,010,with fire,19.97370599085471,638370.2032650361,-55.36274153055943,3299.405553483428,638370.2032650361,12009060109093007e8,12009060109093008e7,270,1137.3953940044573,10,41.93,-122.9,6500,Mountain hemlock,Other conifer,0
138,10MM,020,with fire,20.109598321518426,640817.1520061939,-186.80104547204868,2446.94874115775,640817.1520061939,12010060510093005e8,12010060510093005e7,221,1911.998161114099,10,41.792,-122.7,3700,Ponderosa pine,Pine,1
182,10MM,040,with fire,20.14501304387011,659191.1679571456,-7851.22589206545,18374.015950951776,659191.1679571456,1201106060106301e9,1201106060106301e8,261,2992.4607315499234,10,40.385,-121.1,5700,White fir,True fir,1
2053,10MM,040,with fire,20.44208828531767,683003.0467072753,-3133.605745999186,23811.878750129683,683003.0467072753,12016060606017009e8,12016060606017009e7,371,6711.356147502641,10,38.706,-120.3,5900,California mixed conifer,Mixed conifer,1
2170,10MM,010,with fire,20.560032148676196,697512.508437279,-316.39778117687604,14509.461730003806,697512.508437279,1201706060706301e9,1201706060706301e8,371,6140.529974145584,10,39.887,-120.3,5900,California mixed conifer,Mixed conifer,1
1721,10MM,010,with fire,20.608941167248897,712057.5332362056,-934.9750909289206,14545.024798926488,712057.5332362056,12012060602003008e8,12012060602003009e7,185,3431.761026236937,10,38.732,-119.6,6700,Pinyon / juniper woodland,Other conifer,0
253,10MM,030,with fire,20.91657407931312,729508.2706092371,-1355.096709266758,17450.73737303155,729508.2706092371,12012060602093008e8,12012060602093007e7,371,5673.45475720812,10,41.79,-122.6,2900,California mixed conifer,Mixed conifer,1
53,10MM,010,with fire,21.80865933777956,745485.4514520208,-2535.615000952663,15977.180842783715,745485.4514520208,12009060509003006e8,12009060509003006e7,270,5968.067428265848,10,38.643,-120,8900,Mountain hemlock,Other conifer,0
1622,10MM,040,with fire,22.720896390392152,768229.9970959142,-4172.130915975772,22744.545643893358,768229.9970959142,12010060510091007e8,12010060510091007e7,261,1721.6072499932911,10,39.477,-120.3,7300,White fir,True fir,1
2076,10MM,700,with fire,23.231508761284584,793384.4947241943,3457.7399274584077,25154.49762828007,793384.4947241943,12016060606057006e8,12016060606057006e7,371,5628.201936323041,10,39.348,-120.6,5900,California mixed conifer,Mixed conifer,1
181,10MM,030,with fire,23.590580922558892,808530.0352350324,-4165.411758962979,15145.540510838118,808530.0352350324,1201106060106301e9,1201106060106301e8,281,4862.393276053945,10,40.352,-121.4,5500,Lodgepole pine,Other conifer,0
428,10MM,040,with fire,23.905371726967164,838257.5281038932,-4715.727021654838,29727.492868860805,838257.5281038932,1201506060509301e9,1201506060509301e8,371,5673.45475720812,10,41.245,-122.3,4700,California mixed conifer,Mixed conifer,1
1532,10MM,010,with fire,24.247127305614715,847621.4054877595,-214.8872381879939,9363.877383866284,847621.4054877595,1200906050906301e9,1200906050906301e8,371,5256.77710883828,10,39.884,-120.3,7300,California mixed conifer,Mixed conifer,1
1860,10MM,040,with fire,25.121051337358896,865238.709567345,-3301.9373095810965,17617.304079585487,865238.709567345,12013060603091006e8,12013060603091006e7,371,4739.731171383046,10,39.554,-120.9,4500,California mixed conifer,Mixed conifer,1
11,10MM,040,with fire,25.570104081330808,879309.4556264749,-1652.6513238284963,14070.746059129917,879309.4556264749,12009060509021006e8,12009060509021006e7,922,5730.615980848355,10,39.587,-122.7,3700,California black oak,Hardwood,0
1162,10MM,040,with fire,25.612198634197675,891012.2898052939,-1570.98562268135,11702.834178818986,891012.2898052939,1201706060709301e9,1201706060709301e8,368,5730.615980848355,10,41.992,-123.4,5500,Miscellaneous western softwoods,Other conifer,0
1915,10MM,010,with fire,25.928193833892056,902646.9102339655,-670.8893587560389,11634.62042867162,902646.9102339655,12014060604051007e8,12014060604051007e7,281,6068.68843486702,10,37.785,-118.9,7900,Lodgepole pine,Other conifer,0
392,10MM,020,with fire,26.142022464284153,916599.9645177023,-1773.105114939106,13953.054283736816,916599.9645177023,1201406060410501e9,1201406060410501e8,371,4001.328110619613,10,40.309,-123,5100,California mixed conifer,Mixed conifer,1
1933,10MM,040,with fire,26.21387803230443,931587.0249119782,-1025.6089528705998,14987.060394275808,931587.0249119782,12014060604063006e8,12014060604063006e7,371,5730.615980848355,10,40.243,-120.5,6100,California mixed conifer,Mixed conifer,1
2064,10MM,040,with fire,26.572833093001343,955774.2947201015,-4336.113313937689,24187.26980812342,955774.2947201015,12016060606035006e8,12016060606035007e7,371,6730.983695960061,10,40.171,-120.4,5900,California mixed conifer,Mixed conifer,1
1856,10MM,700,with fire,26.680965940425885,971211.701847974,1258.5403278585843,15437.407127872395,971211.701847974,1201306060306301e9,12013060603063008e7,225,5820.212611286389,10,40.084,-120.3,5700,Jeffrey pine,Pine,1
164,10MM,700,with fire,27.343661550170744,988853.2425716063,8765.325995955927,17641.540723632417,988853.2425716063,12010060510105009e8,12010060510105008e7,371,5730.615980848355,10,41.289,-122.5,5900,California mixed conifer,Mixed conifer,1
1732,10MM,040,with fire,27.53731437286754,1006813.0996092492,203.4469484136199,17959.857037642763,1006813.0996092492,12012060602017008e8,12012060602017008e7,261,6027.860191734093,10,38.797,-120.2,6700,White fir,True fir,1
506,10MM,040,with fire,28.4648797255798,1011985.2767213262,-945.5729588177329,5172.177112077075,1011985.2767213262,12017060207015008e8,12017060207015008e7,961,2513.1404044833635,10,41.982,-123.6,3100,Pacific madrone,Hardwood,0
1772,10MM,700,with fire,28.898905712877706,1030567.9857035736,3527.833759365033,18582.70898224738,1030567.9857035736,12012060602063007e8,12012060602063007e7,922,6027.860191734093,10,39.997,-120.8,4500,California black oak,Hardwood,0
1543,10MM,010,with fire,31.163281290713588,1040778.1466820625,-451.7927664747678,10210.160978488942,1040778.1466820625,12009060509091008e8,12009060509091008e7,262,5138.7230253281705,10,39.591,-120.4,6700,Red fir,True fir,1
2004,10MM,030,with fire,32.04951099608263,1059914.1233852943,-3928.1055079554976,19135.976703231932,1059914.1233852943,12015060605063006e8,12015060605063006e7,371,5673.45475720812,10,39.864,-120.8,5100,California mixed conifer,Mixed conifer,1
2098,10MM,040,with fire,32.86830930334053,1073720.8223829798,-2428.098689882293,13806.698997685353,1073720.8223829798,12016060606071007e8,12016060606071008e7,933,6140.529974145584,10,34.286,-117.1,4500,Canyon live oak,Hardwood,0
1334,10MM,010,with fire,33.12632392531746,1075255.9974006743,-154.62819104175105,1535.1750176945707,1075255.9974006743,12013060603035005e8,12013060603035006e7,371,2265.8475019617263,10,40.547,-121,5700,California mixed conifer,Mixed conifer,1
2036,10MM,040,with fire,34.535698132601944,1083760.9449604505,-946.3233140271935,8504.947559776108,1083760.9449604505,12015060605109007e8,12015060605109007e7,371,5268.738066866001,10,38.206,-120,4500,California mixed conifer,Mixed conifer,1
1929,10MM,040,with fire,34.73570871101123,1113411.1376125168,-8397.534020643703,29650.19265206636,1113411.1376125168,12014060604063006e8,12014060604063006e7,371,7156.4520922892025,10,39.781,-120.9,5300,California mixed conifer,Mixed conifer,1
1765,10MM,010,with fire,34.79034297581662,1124235.4082737854,-1666.513248958645,10824.27066126866,1124235.4082737854,1201206060206101e9,1201206060206101e8,921,6027.860191734093,10,39.011,-120.7,1700,Gray pine,Hardwood,0
1672,10MM,020,with fire,34.84781786295163,1128627.658434265,-683.2447964474703,4392.250160479627,1128627.658434265,12011060601051006e8,12011060601051006e7,901,2203.503265752066,10,38.031,-119.1,7500,Aspen,Hardwood,0
514,10MM,040,with fire,37.77060231403982,1136599.319182336,-8194.59743684725,7971.6607480710145,1136599.319182336,12017060607009007e8,12017060607009007e7,371,3040.5383652182322,10,37.906,-120.5,5700,California mixed conifer,Mixed conifer,1
375,10MM,030,with fire,38.16136315234033,1141725.5308209546,1292.1057088981904,5126.2116386184725,1141725.5308209546,12014060604093009e8,12014060604093009e7,371,5730.615980848355,10,41.894,-123.1,2500,California mixed conifer,Mixed conifer,1
1239,10MM,700,with fire,38.90593156111345,1165534.6357461682,7732.7204991126055,23809.1049252135,1165534.6357461682,12009060509093007e8,12009060509093007e7,371,5628.201936323041,10,41.56,-122.1,5900,California mixed conifer,Mixed conifer,1
141,10MM,040,with fire,38.940837136101344,1180380.5575858273,-3852.897681872359,14845.921839659093,1180380.5575858273,12010060510093008e8,12010060510093008e7,941,6027.860191734093,10,41.252,-123.3,2100,Tanoak,Hardwood,0
2102,10MM,020,with fire,39.352527155344156,1187063.5662076594,-39.989550728399124,6683.008621832347,1187063.5662076594,12016060606091006e8,12016060606091006e7,225,7356.611958023019,10,39.523,-120,6900,Jeffrey pine,Pine,1
483,10MM,030,with fire,39.56025940737679,1194464.1149450475,-112.69391630867052,7400.548737388078,1194464.1149450475,12016060606093008e8,1201606060609301e8,371,5673.45475720812,10,41.738,-122.7,4900,California mixed conifer,Mixed conifer,1
404,10MM,040,with fire,39.590860215448004,1205827.1956674505,-5027.139725003043,11363.080722402838,1205827.1956674505,12015060605035009e8,1201506060503501e8,281,6027.860191734093,10,40.493,-121.1,6300,Lodgepole pine,Other conifer,0
2103,10MM,040,with fire,39.9209658163601,1214134.040449702,-426.2614516584488,8306.844782251588,1214134.040449702,12016060606091007e8,12016060606091006e7,371,5081.208722360566,10,39.646,-120.5,7500,California mixed conifer,Mixed conifer,1
277,10MM,030,with fire,40.34300807599614,1233699.4604050375,-5247.611352449676,19565.41995533544,1233699.4604050375,12013060603033006e8,12013060603033006e7,371,5021.423600138468,10,39.565,-122.8,5300,California mixed conifer,Mixed conifer,1
1696,10MM,040,with fire,41.14881315975592,1253476.8308090793,-6245.30037539673,19777.37040404179,1253476.8308090793,12011060601063008e8,12011060601063008e7,371,5673.45475720812,10,39.747,-121,5700,California mixed conifer,Mixed conifer,1
2075,10MM,020,with fire,41.53111701032374,1258690.2313653126,-185.08583384459146,5213.40055623325,1258690.2313653126,1201606060605101e9,1201606060605101e8,281,2556.7289560443987,10,37.679,-118.9,8100,Lodgepole pine,Other conifer,0
842,10MM,700,with fire,41.76883421393486,1315646.3585669794,27281.902939895353,56956.12720166689,1315646.3585669794,12012060602093006e8,12012060602093007e7,371,5673.45475720812,10,41.845,-123.5,3300,California mixed conifer,Mixed conifer,1
1389,10MM,040,with fire,42.35279388096965,1322653.7374452075,-897.8401267000409,7007.3788782281645,1322653.7374452075,12015060605049005e8,12015060605049005e7,261,4297.961985636266,10,41.33,-120.9,5300,White fir,True fir,1
814,10MM,040,with fire,42.62371052515062,1336707.4980503991,-4031.956992726776,14053.760605191621,1336707.4980503991,12012060602033006e8,12012060602033006e7,933,5673.45475720812,10,39.315,-122.9,3900,Canyon live oak,Hardwood,0
1680,10MM,040,with fire,42.662242690413116,1347715.849332688,-342.362742762698,11008.351282288648,1347715.849332688,12011060601061007e8,12011060601061006e7,371,6027.860191734093,10,39.232,-120.2,6700,California mixed conifer,Mixed conifer,1
1864,10MM,040,with fire,43.111531740333334,1360883.1209698478,-3158.9380054512217,13167.271637159825,1360883.1209698478,12013060603091006e8,12013060603091006e7,371,4592.257720190592,10,39.697,-120.7,6300,California mixed conifer,Mixed conifer,1
1380,10MM,040,with fire,43.125016835048434,1378498.935450173,-1311.7484824415392,17615.814480325313,1378498.935450173,12014060604093009e8,12014060604093009e7,371,7000.442777541521,10,41.529,-121.5,5700,California mixed conifer,Mixed conifer,1
2136,10MM,700,with fire,45.325384259258776,1402358.2860278853,-2007.5368472863381,23859.3505777122,1402358.2860278853,12017060607019009e8,1201706060701901e8,371,5730.615980848355,10,37.182,-119.2,7900,California mixed conifer,Mixed conifer,1
2063,10MM,040,with fire,45.96547679601176,1411474.533685486,-2184.690753221618,9116.247657600896,1411474.533685486,12016060606029009e8,1201606060602901e8,371,2855.0598509391216,10,34.864,-119.1,6300,California mixed conifer,Mixed conifer,1
76,10MM,030,with fire,46.05370893705375,1421444.005276056,-1223.1605314164462,9969.471590569987,1421444.005276056,12009060509089009e8,1200906050908901e8,371,5730.615980848355,10,40.906,-122.4,3100,California mixed conifer,Mixed conifer,1
1137,10MM,010,with fire,46.17477505073937,1426844.9810113756,-1151.6851763557509,5400.975735319373,1426844.9810113756,12017060607045006e8,12017060607045006e7,923,6107.000389722145,10,39.721,-123,5300,Oregon white oak,Hardwood,0
2140,10MM,030,with fire,46.218400005668116,1440796.0893727718,-877.6410639424462,13951.108361396282,1440796.0893727718,12017060607039006e8,12017060607039006e7,371,6730.983695960061,10,37.389,-119.4,6100,California mixed conifer,Mixed conifer,1
2187,10MM,700,with fire,46.349973771490696,1457295.349052513,7030.834852975961,16499.259679741197,1457295.349052513,12017060607109009e8,1201706060710901e8,262,5730.615980848355,10,38.318,-120,6700,Red fir,True fir,1
1238,10MM,040,with fire,46.676616326941165,1465185.1072489878,-1533.916403441769,7889.758196474926,1465185.1072489878,12009060509093007e8,12009060509093007e7,262,4883.30429376806,10,41.634,-121.6,6700,Red fir,True fir,1
1832,10MM,040,with fire,46.770720647888034,1468111.128412374,-329.61389785989036,2926.0211633862186,1468111.128412374,12013060603051005e8,12013060603051004e7,281,3083.551824843581,10,38.375,-119.5,9300,Lodgepole pine,Other conifer,0
214,10MM,040,with fire,47.175056379782426,1490805.3924282335,-5804.0498606311285,22694.264015859553,1490805.3924282335,12011060601103009e8,1201106060110301e8,262,7287.806190452483,10,40.194,-121.4,7500,Red fir,True fir,1
1661,10MM,040,with fire,47.25138293783115,1500525.046328517,-597.3228728010027,9719.653900283198,1500525.046328517,12011060601019007e8,12011060601019008e7,371,5673.45475720812,10,37.078,-119.2,4500,California mixed conifer,Mixed conifer,1
1233,10MM,010,with fire,47.85802397793998,1506854.1133897353,-939.5108847041301,6329.067061218582,1506854.1133897353,12009060509093006e8,12009060509093006e7,261,5820.212611286389,10,41.39,-122,5700,White fir,True fir,1
1187,10MM,700,with fire,48.2744564560906,1532693.7673455481,10138.59690907771,25839.653955812766,1532693.7673455481,12018060608023007e8,12018060608023007e7,201,1635.9511809929897,10,40.905,-123.6,3100,Douglas-fir,Douglas-fir,1
2137,10MM,010,with fire,48.280473632679374,1539940.6322431862,-1507.9507034176663,7246.864897638047,1539940.6322431862,1201706060701901e9,1201706060701901e8,933,7356.611958023019,10,37.362,-119.2,5900,Canyon live oak,Hardwood,0
1866,10MM,010,with fire,49.27291891629196,1543875.062925775,-850.6986528145306,3934.4306825888384,1543875.062925775,12013060603091007e8,12013060603091006e7,225,2203.5905865218847,10,39.624,-120,5700,Jeffrey pine,Pine,1
1269,10MM,700,with fire,49.27707113703193,1561234.715567631,2977.0504380932316,17359.652641856006,1561234.715567631,1201006051009301e9,12010060510093008e7,371,5730.615980848355,10,41.679,-121.6,5700,California mixed conifer,Mixed conifer,1
1603,10MM,010,with fire,49.445792184742864,1571413.830590531,-5476.723328356666,10179.115022899838,1571413.830590531,12010060510061009e8,1201006051006101e8,221,5698.217072580724,10,38.967,-120.6,4100,Ponderosa pine,Pine,1
1833,10MM,010,with fire,49.52268084746906,1577658.192669012,145.18884684785527,6244.362078480912,1577658.192669012,12013060603051005e8,12013060603051006e7,225,4951.8339006905335,10,37.591,-118.6,7300,Jeffrey pine,Pine,1
1304,10MM,030,with fire,49.67826719047609,1583886.482873513,-511.94461218929916,6228.290204501095,1583886.482873513,12012060602035006e8,12012060602035005e7,221,5730.615980848355,10,40.741,-121.1,6300,Ponderosa pine,Pine,1
131,10MM,700,with fire,49.963677059878826,1634128.1597394706,22728.2437630684,50241.67686595757,1634128.1597394706,12010060510089007e8,12010060510089007e7,371,2224.1019940919264,10,41.14,-122.1,2900,California mixed conifer,Mixed conifer,1
2175,10MM,040,with fire,50.62788966462272,1649179.0183776328,-2632.355833321279,15050.85863816235,1649179.0183776328,12017060607091006e8,12017060607091006e7,371,8540.110491413698,10,39.54,-120.9,4100,California mixed conifer,Mixed conifer,1
1782,10MM,700,with fire,50.915760989559125,1670867.3740013503,8995.027170577141,21688.355623717413,1670867.3740013503,12012060602091005e8,12012060602091005e7,241,7676.640438850287,10,39.648,-120.6,6700,Western white pine,Other conifer,0
1329,10MM,020,with fire,51.13346603720553,1675622.4898692102,-711.3254190550425,4755.115867860046,1675622.4898692102,12012060602093008e8,12012060602093007e7,371,3711.064861043902,10,41.492,-121.8,5300,California mixed conifer,Mixed conifer,1
1773,10MM,010,with fire,51.153048447930786,1680627.224922831,-1008.3336156969207,5004.735053620688,1680627.224922831,12012060602063009e8,12012060602063009e7,371,5618.614190023905,10,40.107,-120.7,5500,California mixed conifer,Mixed conifer,1
444,10MM,030,with fire,51.22254415474866,1691740.934870602,-2474.067729909953,11113.709947771096,1691740.934870602,12016060605093005e8,12016060605093007e7,933,5673.45475720812,10,41.295,-123.2,3500,Canyon live oak,Hardwood,0
876,10MM,030,with fire,51.50305757264143,1836416.43333923,103425.9170478574,144675.49846862792,1836416.43333923,12013060603023009e8,12013060603023008e7,201,4968.00852858098,10,40.314,-123.5,4500,Douglas-fir,Douglas-fir,1
844,10MM,040,with fire,51.60203381003464,1845385.7914555673,-3062.826638950362,8969.358116337344,1845385.7914555673,12012060602093008e8,12012060602093007e7,941,5048.237771970045,10,41.539,-123.4,3100,Tanoak,Hardwood,0
337,10MM,020,with fire,51.9195540348362,1850992.1339356517,-746.5793537743351,5606.3424800843195,1850992.1339356517,1201406060402101e9,1201406060402101e8,371,6730.983695960061,10,39.766,-122.8,4300,California mixed conifer,Mixed conifer,1
612,10MM,040,with fire,52.03504826360779,1858897.8631515552,-2474.525494179057,7905.729215903596,1858897.8631515552,1201806060810301e9,12018060608103009e7,371,4903.708783023908,10,40.098,-121.6,3500,California mixed conifer,Mixed conifer,1
287,10MM,040,with fire,52.25564650184217,1877010.811655982,-11538.382398485383,18112.94850442659,1877010.811655982,12013060603089006e8,12013060603089006e7,261,6730.983695960061,10,40.643,-121.5,5300,White fir,True fir,1
1406,10MM,010,with fire,52.2939992288772,1881079.910089358,-967.186148577688,4069.098433376203,1881079.910089358,12015060605093007e8,12015060605093007e7,221,5433.695575032659,10,41.584,-121.9,4900,Ponderosa pine,Pine,1
615,10MM,700,with fire,52.94958607678618,1897462.6577123504,583.9824053133599,16382.747622992447,1897462.6577123504,12018060608105006e8,12018060608105006e7,371,4594.187895871863,10,41.107,-122.5,4300,California mixed conifer,Mixed conifer,1
1995,10MM,010,with fire,53.39482226280465,1902744.526126178,-731.4997003069087,5281.868413827481,1902744.526126178,1201506060505701e9,1201506060505701e8,371,4729.197617839963,10,39.405,-120.8,4700,California mixed conifer,Mixed conifer,1
1804,10MM,700,with fire,53.84033329017312,1929298.4525744251,657.1341885630609,26553.926448247144,1929298.4525744251,12013060603003009e8,12013060603003008e7,371,5844.394851944215,10,38.589,-119.7,6700,California mixed conifer,Mixed conifer,1
1753,10MM,030,with fire,54.09289745448468,1937063.9788252357,-1415.603149849513,7765.5262508105725,1937063.9788252357,12012060602051007e8,12012060602051007e7,367,6727.226557897952,10,38.428,-119.3,10300,Whitebark pine,Other conifer,0
1531,10MM,020,with fire,54.25087942652811,1941989.7027840954,-515.6322839479747,4925.723958859766,1941989.7027840954,12009060509063008e8,12009060509063008e7,225,2466.6992280649524,10,40.079,-120.5,6100,Jeffrey pine,Pine,1
143,10MM,040,with fire,55.699603748947965,1947556.3937428077,-838.1535049498575,5566.690958712191,1947556.3937428077,1201006051009301e9,12010060510093008e7,371,5673.45475720812,10,41.731,-122.9,2700,California mixed conifer,Mixed conifer,1
600,10MM,020,with fire,55.84756761010415,1955089.6475188604,-1020.6831550760378,7533.25377605266,1955089.6475188604,12018060608093007e8,12018060608093008e7,371,5639.96435377632,10,41.435,-122.6,5300,California mixed conifer,Mixed conifer,1
2227,10MM,010,with fire,56.1540986041419,1960549.4644475067,-2637.095659359801,5459.816928646331,1960549.4644475067,12018060608037006e8,12018060608037006e7,933,4240.808890957591,10,34.235,-118,4100,Canyon live oak,Hardwood,0
2014,10MM,030,with fire,56.27337059334193,1968929.98630947,-1762.8761947313967,8380.521861963352,1968929.98630947,12015060605063008e8,12015060605063009e7,371,5730.615980848355,10,40,-121,4100,California mixed conifer,Mixed conifer,1
83,10MM,040,with fire,56.757299505345266,1976024.146631552,329.9106159737125,7094.160322081948,1976024.146631552,12009060509093006e8,12009060509093006e7,371,5673.45475720812,10,41.795,-123.1,4300,California mixed conifer,Mixed conifer,1
273,10MM,040,with fire,57.37660291395849,1986395.581415497,-4710.51837493387,10371.434783945053,1986395.581415497,12013060603011008e8,12013060603011008e7,922,4221.151452242281,10,39.227,-122.6,2900,California black oak,Hardwood,0
456,10MM,700,with fire,58.318383439826526,2006489.9401508775,4409.255364920466,20094.358735380436,2006489.9401508775,12016060606063006e8,12016060606063005e7,261,5563.366685205564,10,40.402,-121.2,5700,White fir,True fir,1
1482,10MM,700,with fire,60.229909397760785,2020373.3600290704,13550.151936094855,13883.4198781931,2020373.3600290704,12018060608093008e8,12018060608093008e7,371,7392.313350808187,10,41.285,-122.2,3700,California mixed conifer,Mixed conifer,1
366,10MM,020,with fire,61.617566143921955,2025114.5655693451,-1251.97276852157,4741.20554027464,2025114.5655693451,12014060604093007e8,12014060604093007e7,221,5276.4637173843885,10,41.254,-123.2,3900,Ponderosa pine,Pine,1
1232,10MM,700,with fire,61.95586215798775,2047757.2622357025,16184.154653203868,22642.69666635733,2047757.2622357025,1200906050904901e9,12009060509049009e7,371,6730.983695960061,10,41.22,-120.7,6300,California mixed conifer,Mixed conifer,1
1666,10MM,700,with fire,62.68188176875746,2066301.8991288166,6812.863947405817,18544.63689311408,2066301.8991288166,12011060601035006e8,12011060601035007e7,225,5730.615980848355,10,39.954,-120.1,7100,Jeffrey pine,Pine,1
163,10MM,030,with fire,64.09653608329496,2076034.2088907459,-2926.629892072581,9732.309761929411,2076034.2088907459,12010060510105009e8,12010060510105008e7,371,4836.301781493142,10,41.113,-122.5,4900,California mixed conifer,Mixed conifer,1
1167,10MM,030,with fire,64.40586049308615,2084596.2650391925,-1436.4202208317279,8562.056148446589,2084596.2650391925,12017060607105005e8,12017060607105005e7,933,6027.860191734093,10,40.214,-123.1,4300,Canyon live oak,Hardwood,0
2062,10MM,020,with fire,66.18266074221455,2109337.388706752,-7789.3179484056855,24741.123667559736,2109337.388706752,12016060606029009e8,1201606060602901e8,185,2967.220254897967,10,34.864,-119.1,6300,Pinyon / juniper woodland,Other conifer,0
484,10MM,040,with fire,66.29291329031066,2120771.523901269,-3536.8990053027596,11434.1351945166,2120771.523901269,1201606060609301e9,1201606060609301e8,371,6140.529974145584,10,41.923,-122.7,3700,California mixed conifer,Mixed conifer,1
1905,10MM,010,with fire,66.36068031170755,2126491.410519318,-628.691749540716,5719.886618049484,2126491.410519318,12014060604035007e8,12014060604035007e7,225,6730.983695960061,10,39.716,-120.1,7100,Jeffrey pine,Pine,1
153,10MM,040,with fire,67.5205429863284,2138041.3489070535,-5712.690974258246,11549.938387734886,2138041.3489070535,1201006051010301e9,1201006051010301e8,371,5409.451106244853,10,40.26,-123,5700,California mixed conifer,Mixed conifer,1
1677,10MM,020,with fire,67.799355895089,2143086.662516312,-115.47567932547018,5045.31360925911,2143086.662516312,12011060601057007e8,12011060601057007e7,225,5730.615980848355,10,39.421,-120.2,6900,Jeffrey pine,Pine,1
1877,10MM,010,with fire,69.37402248116757,2147104.2998733767,-1341.2546276750886,4017.637357064575,2147104.2998733767,12013060603109007e8,12013060603109007e7,221,4383.296138958161,10,38.147,-120.1,4700,Ponderosa pine,Pine,1
1584,10MM,040,with fire,70.47762244761444,2156966.737737746,70.40051979851684,9862.437864369203,2156966.737737746,1.2010060510019008e+024,1201006051001901e8,369,6140.529974145584,10,37.335,-119.1,7700,Western juniper,Other conifer,0
500,10MM,010,with fire,70.57562127249973,2160616.799955713,-696.4983621464601,3650.0622179668353,2160616.799955713,12016060606105007e8,12016060606105007e7,225,7356.611958023019,10,40.408,-123.3,4300,Jeffrey pine,Pine,1
1586,10MM,010,with fire,72.08931799470487,2165110.805108193,-547.449621178823,4494.005152479671,2165110.805108193,12010060510035009e8,12010060510035008e7,371,5730.615980848355,10,39.929,-120,6300,California mixed conifer,Mixed conifer,1
2195,10MM,700,with fire,72.59100702387512,2172884.1794145172,1375.330137395464,7773.374306324629,2172884.1794145172,1201806060800301e9,12018060608003009e7,369,6140.529974145584,10,38.726,-119.9,7500,Western juniper,Other conifer,0
1643,10MM,040,with fire,73.41241025300286,2182774.423528325,-7671.488767160666,9890.244113807286,2182774.423528325,12011060601007007e8,12011060601007006e7,941,4255.09106790609,10,39.534,-121.3,1300,Tanoak,Hardwood,0
1044,10MM,030,with fire,73.44909522131952,2350842.703312772,116168.83958002596,168068.27978444716,2350842.703312772,12016060605093008e8,12016060605093008e7,371,5673.45475720812,10,41.44,-123.5,2900,California mixed conifer,Mixed conifer,1
1981,10MM,010,with fire,73.49293832477953,2359525.9844462364,-566.9096052848209,8683.281133464758,2359525.9844462364,12015060605029008e8,12015060605029008e7,185,4605.397480609188,10,35.457,-118.2,6500,Pinyon / juniper woodland,Other conifer,0
1505,10MM,020,with fire,77.27440644941588,2365475.993125613,-373.56179430024235,5950.008679376398,2365475.993125613,12009060509035009e8,1200906050903501e8,371,6140.529974145584,10,40.255,-120.5,5700,California mixed conifer,Mixed conifer,1
1122,10MM,020,with fire,77.96700826389794,2477435.8376792483,60729.98666999444,111959.84455363535,2477435.8376792483,12017060607023006e8,12017060607023006e7,201,5844.394851944215,10,41.292,-123.5,1500,Douglas-fir,Douglas-fir,1
1897,10MM,020,with fire,78.09316570955913,2482142.0819278494,-755.9476958324934,4706.244248601234,2482142.0819278494,1201406060401701e9,1201406060401701e8,371,4365.159458464792,10,38.682,-120.1,5900,California mixed conifer,Mixed conifer,1
547,10MM,020,with fire,78.48173549907357,2488073.9897446986,-2113.394633435186,5931.907816849221,2488073.9897446986,12017060607093009e8,12017060607093009e7,371,6783.052733701746,10,41.839,-122.8,2300,California mixed conifer,Mixed conifer,1
595,10MM,030,with fire,79.08673749326285,2499090.97334026,-625.2004576910573,11016.98359556099,2499090.97334026,12018060608093006e8,12018060608093007e7,261,5730.615980848355,10,41.25,-123,5900,White fir,True fir,1
706,10MM,040,with fire,79.59108597994123,2515882.414886629,-1526.916467680606,16791.44154636933,2515882.414886629,12010060510093008e8,12010060510093008e7,371,5673.45475720812,10,41.892,-123.4,2100,California mixed conifer,Mixed conifer,1
1763,10MM,030,with fire,82.51429616940277,2521618.3662709165,-792.9641186125555,5735.951384287441,2521618.3662709165,12012060602061009e8,1201206060206101e8,371,6008.553946856363,10,39.151,-120.5,5100,California mixed conifer,Mixed conifer,1
1298,10MM,010,with fire,82.53004424056023,2525018.75699697,-688.9878316847487,3400.3907260535393,2525018.75699697,12011060601093008e8,12011060601093009e7,371,4031.6955476390613,10,41.482,-121.5,5300,California mixed conifer,Mixed conifer,1
2167,10MM,040,with fire,82.69449871495914,2630455.4972159895,51020.70933422587,105436.74021901957,2630455.4972159895,12017060607063008e8,1201706060706301e8,371,5322.58562120334,10,40.042,-120.6,4700,California mixed conifer,Mixed conifer,1
1243,10MM,700,with fire,83.02786261536615,2651693.7228163816,19228.377386317214,21238.225600392223,2651693.7228163816,12009060509093009e8,12009060509093009e7,261,6730.983695960061,10,41.491,-121.6,5500,White fir,True fir,1
1024,10MM,040,with fire,83.2828391914142,2656272.767573621,-271.8876460015608,4579.044757239387,2656272.767573621,1201506060504501e9,1201506060504501e8,371,6140.529974145584,10,39.67,-122.9,4300,California mixed conifer,Mixed conifer,1
433,10MM,020,with fire,86.5008574016916,2659499.316785728,-1085.9485525957173,3226.5492121068633,2659499.316785728,12015060605105005e8,12015060605105006e7,221,5730.615980848355,10,40.508,-123.2,3100,Ponderosa pine,Pine,1
1919,10MM,040,with fire,86.65447956404655,2665431.41104108,-2274.4457886411724,5932.094255352004,2665431.41104108,12014060604057008e8,12014060604057008e7,933,5673.45475720812,10,39.306,-120.9,3700,Canyon live oak,Hardwood,0
1671,10MM,010,with fire,87.25905084377727,2672477.0421590274,-3139.617160731945,7045.6311179471395,2672477.0421590274,1201106060104301e9,1201106060104301e8,221,5844.394851944215,10,37.719,-119.8,4900,Ponderosa pine,Pine,1
1326,10MM,040,with fire,87.42384149736905,2687587.755113261,-1615.9169391809578,15110.712954233757,2687587.755113261,12012060602093006e8,12012060602093007e7,261,5628.201936323041,10,41.312,-122.1,5300,White fir,True fir,1
368,10MM,040,with fire,87.44205264182449,2694016.8657091963,-3910.389780488667,6429.1105959351735,2694016.8657091963,12014060604093008e8,12014060604093007e7,933,5673.45475720812,10,41.192,-123.3,3300,Canyon live oak,Hardwood,0
1913,10MM,020,with fire,87.5341262187662,2700725.3711252683,-3744.70932727682,6708.505416072056,2700725.3711252683,1201406060404301e9,1201406060404301e8,922,5296.532550789196,10,37.713,-119.8,5100,California black oak,Hardwood,0
1923,10MM,040,with fire,87.64712006514611,2707954.996679031,-200.89118476246355,7229.625553762824,2707954.996679031,12014060604061009e8,1201406060406101e8,261,5820.212611286389,10,39.245,-120.1,7100,White fir,True fir,1
1846,10MM,700,with fire,88.4673182678341,2728771.409621138,18207.10107426601,20816.412942107003,2728771.409621138,12013060603063005e8,12013060603063005e7,371,5730.615980848355,10,40.05,-121,4100,California mixed conifer,Mixed conifer,1
584,10MM,700,with fire,88.68017133909812,2741444.8342822935,11109.018126196554,12673.424661155223,2741444.8342822935,12018060608063005e8,12018060608063006e7,225,5067.845417407803,10,40.389,-121.1,6100,Jeffrey pine,Pine,1
1316,10MM,040,with fire,88.87140521624629,2746413.65335967,-1101.9787985541614,4968.8190773770875,2746413.65335967,12012060602049007e8,12012060602049007e7,371,5386.848916906517,10,41.287,-121,5700,California mixed conifer,Mixed conifer,1
269,10MM,040,with fire,89.80591316979151,2786889.37724489,3671.190948784635,40475.7238852197,2786889.37724489,12012060602105008e8,12012060602105007e7,371,6027.860191734093,10,40.401,-123.3,3700,California mixed conifer,Mixed conifer,1
1231,10MM,040,with fire,89.80610669165998,2793891.430135697,-1064.6751827964417,7002.052890807112,2793891.430135697,1200906050904901e9,12009060509049009e7,371,6730.983695960061,10,41.407,-120.3,6300,California mixed conifer,Mixed conifer,1
1294,10MM,040,with fire,90.17867502454484,2796638.0952554015,-2573.390236994429,2746.665119704192,2796638.0952554015,12011060601093007e8,12011060601093007e7,371,1750.1106943853802,10,41.473,-122.1,6700,California mixed conifer,Mixed conifer,1
2017,10MM,010,with fire,90.2243247548432,2799478.1446466967,-1396.5976833832058,2840.049391295201,2799478.1446466967,1201506060506301e9,1201506060506301e8,371,6752.03823070073,10,40.196,-120.8,5300,California mixed conifer,Mixed conifer,1
1435,10MM,700,with fire,90.4313593467155,2826356.279528719,21091.388753727235,26878.134882022398,2826356.279528719,12016060606093008e8,12016060606093008e7,261,7528.43140485595,10,41.505,-121.7,5500,White fir,True fir,1
915,10MM,010,with fire,91.97278151087477,2831536.702932724,-2021.611377970432,5180.423404004934,2831536.702932724,12013060603105006e8,12013060603105007e7,961,6027.860191734093,10,40.161,-123,4300,Pacific madrone,Hardwood,0
171,10MM,040,with fire,92.35283755080951,2864539.0062171677,17148.773677811903,33002.30328444399,2864539.0062171677,12011060601015008e8,12011060601015007e7,201,1722.4936416220446,10,41.934,-123.5,3500,Douglas-fir,Douglas-fir,1
2181,10MM,020,with fire,95.3720534831815,2871176.881776613,-826.276659032593,6637.875559445418,2871176.881776613,12017060607107008e8,12017060607107008e7,225,6730.983695960061,10,36.109,-118.2,8100,Jeffrey pine,Pine,1
68,10MM,010,with fire,95.47742809575863,2877538.151430355,-3097.146425191114,6361.2696537416905,2877538.151430355,12009060509089006e8,12009060509089006e7,922,7356.611958023019,10,40.904,-122,2700,California black oak,Hardwood,0
1631,10MM,010,with fire,96.51799538062319,2879619.0078498702,-1323.470019824823,2080.85641951535,2879619.0078498702,1201006051010901e9,12010060510109009e7,221,5673.45475720812,10,38.196,-120.3,3500,Ponderosa pine,Pine,1
63,10MM,030,with fire,97.496482258816,2930168.4965589535,-23977.636306067474,50549.48870908316,2930168.4965589535,12009060509063008e8,12009060509063008e7,371,5929.178092535213,10,40.143,-121.3,5700,California mixed conifer,Mixed conifer,1
2251,10MM,700,with fire,99.02863033883762,2944904.641559926,7732.040946357293,14736.145000972603,2944904.641559926,12018060608063008e8,12018060608063009e7,371,6730.983695960061,10,39.988,-120.7,6100,California mixed conifer,Mixed conifer,1
1469,10MM,020,with fire,99.2604995522923,3014492.709661781,23697.26638435608,69588.06810185501,3014492.709661781,12018060608049006e8,12018060608049007e7,261,5844.394851944215,10,41.274,-120.8,6300,White fir,True fir,1
2146,10MM,010,with fire,99.88160496349045,3018213.7880961467,327.7816054738505,3721.078434365485,3018213.7880961467,1201706060705101e9,12017060607051009e7,225,6140.529974145584,10,37.676,-118.9,8300,Jeffrey pine,Pine,1
229,10MM,030,with fire,99.980355507706,3024150.735338069,-4531.42516752617,5936.947241922686,3024150.735338069,12012060602021008e8,12012060602021007e7,221,5820.212611286389,10,39.526,-122.6,4900,Ponderosa pine,Pine,1
569,10MM,040,with fire,100.16748985558435,3027038.0038294317,-790.6923700295035,2887.2684913622943,3027038.0038294317,12017060607105009e8,1201706060710501e8,371,4369.7480958582755,10,40.895,-122.8,4100,California mixed conifer,Mixed conifer,1
256,10MM,030,with fire,100.61901634787809,3029517.9123392836,-1736.6150309486202,2479.9085098520973,3029517.9123392836,12013060603021007e8,12013060603021007e7,371,2300.6741467624133,10,39.562,-122.6,3300,California mixed conifer,Mixed conifer,1
555,10MM,030,with fire,101.1101788451221,3068837.0786677115,-10361.622745626195,39319.16632842794,3068837.0786677115,12017060607103008e8,12017060607103008e7,371,2588.5741414373297,10,40.346,-121.5,4900,California mixed conifer,Mixed conifer,1
272,10MM,040,with fire,103.11152774931972,3073787.094106134,-6069.077226305038,4950.0154384223915,3073787.094106134,12013060203015009e8,12013060203015009e7,941,1950.0089905901611,10,41.96,-123.7,2300,Tanoak,Hardwood,0
1107,10MM,040,with fire,104.02867682056768,3077978.5491224807,-3478.7471535787386,4191.455016346777,3077978.5491224807,12017060605015008e8,12017060605015008e7,911,5673.45475720812,10,41.585,-124,300,Red alder,Hardwood,0
1566,10MM,700,with fire,104.1556164024989,3091543.364496828,4120.783181618827,13564.815374347103,3091543.364496828,12010060510007008e8,12010060510007008e7,221,5844.394851944215,10,39.738,-121.3,2500,Ponderosa pine,Pine,1
1756,10MM,040,with fire,104.50500543737111,3177654.956096767,30260.382374564433,86111.59159993935,3177654.956096767,12012060602057009e8,1201206060205701e8,371,4052.111167818774,10,39.357,-120.4,7300,California mixed conifer,Mixed conifer,1
495,10MM,700,with fire,106.20291656016984,3179872.2136261314,397.37607808355136,2217.2575293640566,3179872.2136261314,12016060606105006e8,12016060606105005e7,221,2337.0248910854916,10,40.402,-123.1,4500,Ponderosa pine,Pine,1
